id,student name,career
1,Person1LastName1,Biotecnologia
2,Person2LastName2,Electronica
3,Person3LastName3,Quimica
4,Person4LastName4,Biotecnologia
5,Person5LastName5,Biotecnologia
6,Person6LastName6,Electrica
7,Person7LastName7,Electromecanica
8,Person8LastName8,Electromecanica
9,Person9LastName9,Mecanica
10,Person10LastName10,Mecanica
11,Person11LastName11,Electrica
12,Person12LastName12,Electromecanica
13,Person13LastName13,Computacion
14,Person14LastName14,Fisica
15,Person15LastName15,Electromecanica
16,Person16LastName16,Electromecanica
17,Person17LastName17,Mecanica
18,Person18LastName18,Computacion
19,Person19LastName19,Electrica
20,Person20LastName20,Electronica
21,Person21LastName21,Electromecanica
22,Person22LastName22,Fisica
23,Person23LastName23,Fisica
24,Person24LastName24,Electromecanica
25,Person25LastName25,Electrica
26,Person26LastName26,Electronica
27,Person27LastName27,Fisica
28,Person28LastName28,Biotecnologia
29,Person29LastName29,Quimica
30,Person30LastName30,Quimica
31,Person31LastName31,Mecanica
32,Person32LastName32,Computacion
33,Person33LastName33,Electromecanica
34,Person34LastName34,Computacion
35,Person35LastName35,Electronica
36,Person36LastName36,Fisica
37,Person37LastName37,Fisica
38,Person38LastName38,Electrica
39,Person39LastName39,Computacion
40,Person40LastName40,Fisica
41,Person41LastName41,Quimica
42,Person42LastName42,Quimica
43,Person43LastName43,Electronica
44,Person44LastName44,Quimica
45,Person45LastName45,Computacion
46,Person46LastName46,Electrica
47,Person47LastName47,Electronica
48,Person48LastName48,Quimica
49,Person49LastName49,Quimica
50,Person50LastName50,Electronica
51,Person51LastName51,Computacion
52,Person52LastName52,Electronica
53,Person53LastName53,Fisica
54,Person54LastName54,Computacion
55,Person55LastName55,Computacion
56,Person56LastName56,Quimica
57,Person57LastName57,Biotecnologia
58,Person58LastName58,Mecanica
59,Person59LastName59,Fisica
60,Person60LastName60,Quimica
61,Person61LastName61,Electronica
62,Person62LastName62,Biotecnologia
63,Person63LastName63,Electrica
64,Person64LastName64,Mecanica
65,Person65LastName65,Biotecnologia
66,Person66LastName66,Electromecanica
67,Person67LastName67,Electromecanica
68,Person68LastName68,Mecanica
69,Person69LastName69,Computacion
70,Person70LastName70,Electromecanica
71,Person71LastName71,Electrica
72,Person72LastName72,Electromecanica
73,Person73LastName73,Electrica
74,Person74LastName74,Biotecnologia
75,Person75LastName75,Quimica
76,Person76LastName76,Quimica
77,Person77LastName77,Quimica
78,Person78LastName78,Mecanica
79,Person79LastName79,Quimica
80,Person80LastName80,Electrica
81,Person81LastName81,Electrica
82,Person82LastName82,Electronica
83,Person83LastName83,Electronica
84,Person84LastName84,Electrica
85,Person85LastName85,Fisica
86,Person86LastName86,Electronica
87,Person87LastName87,Electromecanica
88,Person88LastName88,Electromecanica
89,Person89LastName89,Quimica
90,Person90LastName90,Mecanica
91,Person91LastName91,Fisica
92,Person92LastName92,Computacion
93,Person93LastName93,Mecanica
94,Person94LastName94,Electrica
95,Person95LastName95,Mecanica
96,Person96LastName96,Computacion
97,Person97LastName97,Electronica
98,Person98LastName98,Electronica
99,Person99LastName99,Quimica
100,Person100LastName100,Computacion
101,Person101LastName101,Quimica
102,Person102LastName102,Electromecanica
103,Person103LastName103,Electromecanica
104,Person104LastName104,Computacion
105,Person105LastName105,Computacion
106,Person106LastName106,Mecanica
107,Person107LastName107,Mecanica
108,Person108LastName108,Fisica
109,Person109LastName109,Quimica
110,Person110LastName110,Electromecanica
111,Person111LastName111,Computacion
112,Person112LastName112,Mecanica
113,Person113LastName113,Fisica
114,Person114LastName114,Electrica
115,Person115LastName115,Fisica
116,Person116LastName116,Electrica
117,Person117LastName117,Mecanica
118,Person118LastName118,Electromecanica
119,Person119LastName119,Biotecnologia
120,Person120LastName120,Biotecnologia
121,Person121LastName121,Biotecnologia
122,Person122LastName122,Mecanica
123,Person123LastName123,Quimica
124,Person124LastName124,Electronica
125,Person125LastName125,Electrica
126,Person126LastName126,Electronica
127,Person127LastName127,Computacion
128,Person128LastName128,Electronica
129,Person129LastName129,Electromecanica
130,Person130LastName130,Mecanica
131,Person131LastName131,Quimica
132,Person132LastName132,Electromecanica
133,Person133LastName133,Fisica
134,Person134LastName134,Electromecanica
135,Person135LastName135,Electronica
136,Person136LastName136,Biotecnologia
137,Person137LastName137,Electrica
138,Person138LastName138,Fisica
139,Person139LastName139,Quimica
140,Person140LastName140,Fisica
141,Person141LastName141,Electrica
142,Person142LastName142,Quimica
143,Person143LastName143,Electrica
144,Person144LastName144,Quimica
145,Person145LastName145,Electromecanica
146,Person146LastName146,Quimica
147,Person147LastName147,Electromecanica
148,Person148LastName148,Electrica
149,Person149LastName149,Electronica
150,Person150LastName150,Electromecanica
151,Person151LastName151,Electromecanica
152,Person152LastName152,Electromecanica
153,Person153LastName153,Electronica
154,Person154LastName154,Quimica
155,Person155LastName155,Computacion
156,Person156LastName156,Electromecanica
157,Person157LastName157,Quimica
158,Person158LastName158,Electromecanica
159,Person159LastName159,Computacion
160,Person160LastName160,Electronica
161,Person161LastName161,Fisica
162,Person162LastName162,Biotecnologia
163,Person163LastName163,Electrica
164,Person164LastName164,Electromecanica
165,Person165LastName165,Electromecanica
166,Person166LastName166,Electronica
167,Person167LastName167,Biotecnologia
168,Person168LastName168,Mecanica
169,Person169LastName169,Fisica
170,Person170LastName170,Mecanica
171,Person171LastName171,Electrica
172,Person172LastName172,Computacion
173,Person173LastName173,Electronica
174,Person174LastName174,Computacion
175,Person175LastName175,Biotecnologia
176,Person176LastName176,Electromecanica
177,Person177LastName177,Electrica
178,Person178LastName178,Biotecnologia
179,Person179LastName179,Mecanica
180,Person180LastName180,Electrica
181,Person181LastName181,Fisica
182,Person182LastName182,Electromecanica
183,Person183LastName183,Electronica
184,Person184LastName184,Fisica
185,Person185LastName185,Electromecanica
186,Person186LastName186,Computacion
187,Person187LastName187,Fisica
188,Person188LastName188,Biotecnologia
189,Person189LastName189,Biotecnologia
190,Person190LastName190,Computacion
191,Person191LastName191,Electronica
192,Person192LastName192,Electronica
193,Person193LastName193,Electrica
194,Person194LastName194,Electrica
195,Person195LastName195,Computacion
196,Person196LastName196,Electromecanica
197,Person197LastName197,Electrica
198,Person198LastName198,Computacion
199,Person199LastName199,Mecanica
200,Person200LastName200,Quimica
201,Person201LastName201,Mecanica
202,Person202LastName202,Electrica
203,Person203LastName203,Electromecanica
204,Person204LastName204,Fisica
205,Person205LastName205,Electromecanica
206,Person206LastName206,Computacion
207,Person207LastName207,Electromecanica
208,Person208LastName208,Computacion
209,Person209LastName209,Electrica
210,Person210LastName210,Computacion
211,Person211LastName211,Computacion
212,Person212LastName212,Mecanica
213,Person213LastName213,Biotecnologia
214,Person214LastName214,Electrica
215,Person215LastName215,Electronica
216,Person216LastName216,Mecanica
217,Person217LastName217,Electrica
218,Person218LastName218,Computacion
219,Person219LastName219,Computacion
220,Person220LastName220,Electronica
221,Person221LastName221,Electrica
222,Person222LastName222,Electronica
223,Person223LastName223,Quimica
224,Person224LastName224,Quimica
225,Person225LastName225,Quimica
226,Person226LastName226,Fisica
227,Person227LastName227,Fisica
228,Person228LastName228,Mecanica
229,Person229LastName229,Mecanica
230,Person230LastName230,Electromecanica
231,Person231LastName231,Biotecnologia
232,Person232LastName232,Quimica
233,Person233LastName233,Electromecanica
234,Person234LastName234,Fisica
235,Person235LastName235,Electromecanica
236,Person236LastName236,Fisica
237,Person237LastName237,Electrica
238,Person238LastName238,Electronica
239,Person239LastName239,Fisica
240,Person240LastName240,Mecanica
241,Person241LastName241,Computacion
242,Person242LastName242,Mecanica
243,Person243LastName243,Electronica
244,Person244LastName244,Electronica
245,Person245LastName245,Fisica
246,Person246LastName246,Electromecanica
247,Person247LastName247,Computacion
248,Person248LastName248,Electronica
249,Person249LastName249,Electronica
250,Person250LastName250,Mecanica
251,Person251LastName251,Biotecnologia
252,Person252LastName252,Computacion
253,Person253LastName253,Computacion
254,Person254LastName254,Electromecanica
255,Person255LastName255,Electromecanica
256,Person256LastName256,Fisica
257,Person257LastName257,Mecanica
258,Person258LastName258,Electrica
259,Person259LastName259,Electromecanica
260,Person260LastName260,Electronica
261,Person261LastName261,Computacion
262,Person262LastName262,Quimica
263,Person263LastName263,Fisica
264,Person264LastName264,Electronica
265,Person265LastName265,Mecanica
266,Person266LastName266,Electronica
267,Person267LastName267,Mecanica
268,Person268LastName268,Fisica
269,Person269LastName269,Biotecnologia
270,Person270LastName270,Computacion
271,Person271LastName271,Fisica
272,Person272LastName272,Computacion
273,Person273LastName273,Computacion
274,Person274LastName274,Fisica
275,Person275LastName275,Biotecnologia
276,Person276LastName276,Mecanica
277,Person277LastName277,Quimica
278,Person278LastName278,Quimica
279,Person279LastName279,Fisica
280,Person280LastName280,Electromecanica
281,Person281LastName281,Mecanica
282,Person282LastName282,Electrica
283,Person283LastName283,Fisica
284,Person284LastName284,Electrica
285,Person285LastName285,Electronica
286,Person286LastName286,Computacion
287,Person287LastName287,Electrica
288,Person288LastName288,Biotecnologia
289,Person289LastName289,Computacion
290,Person290LastName290,Quimica
291,Person291LastName291,Computacion
292,Person292LastName292,Electromecanica
293,Person293LastName293,Electronica
294,Person294LastName294,Biotecnologia
295,Person295LastName295,Electromecanica
296,Person296LastName296,Quimica
297,Person297LastName297,Electronica
298,Person298LastName298,Computacion
299,Person299LastName299,Electronica
300,Person300LastName300,Biotecnologia
301,Person301LastName301,Electrica
302,Person302LastName302,Mecanica
303,Person303LastName303,Biotecnologia
304,Person304LastName304,Quimica
305,Person305LastName305,Electromecanica
306,Person306LastName306,Mecanica
307,Person307LastName307,Fisica
308,Person308LastName308,Electrica
309,Person309LastName309,Computacion
310,Person310LastName310,Electrica
311,Person311LastName311,Mecanica
312,Person312LastName312,Computacion
313,Person313LastName313,Computacion
314,Person314LastName314,Electromecanica
315,Person315LastName315,Electronica
316,Person316LastName316,Electromecanica
317,Person317LastName317,Quimica
318,Person318LastName318,Electronica
319,Person319LastName319,Electromecanica
320,Person320LastName320,Quimica
321,Person321LastName321,Biotecnologia
322,Person322LastName322,Computacion
323,Person323LastName323,Biotecnologia
324,Person324LastName324,Electrica
325,Person325LastName325,Quimica
326,Person326LastName326,Mecanica
327,Person327LastName327,Mecanica
328,Person328LastName328,Electronica
329,Person329LastName329,Mecanica
330,Person330LastName330,Fisica
331,Person331LastName331,Electromecanica
332,Person332LastName332,Electrica
333,Person333LastName333,Computacion
334,Person334LastName334,Fisica
335,Person335LastName335,Computacion
336,Person336LastName336,Electrica
337,Person337LastName337,Fisica
338,Person338LastName338,Quimica
339,Person339LastName339,Fisica
340,Person340LastName340,Electrica
341,Person341LastName341,Electrica
342,Person342LastName342,Electromecanica
343,Person343LastName343,Electrica
344,Person344LastName344,Mecanica
345,Person345LastName345,Electromecanica
346,Person346LastName346,Electrica
347,Person347LastName347,Computacion
348,Person348LastName348,Electromecanica
349,Person349LastName349,Mecanica
350,Person350LastName350,Electromecanica
351,Person351LastName351,Computacion
352,Person352LastName352,Electrica
353,Person353LastName353,Electromecanica
354,Person354LastName354,Fisica
355,Person355LastName355,Biotecnologia
356,Person356LastName356,Mecanica
357,Person357LastName357,Electrica
358,Person358LastName358,Biotecnologia
359,Person359LastName359,Fisica
360,Person360LastName360,Quimica
361,Person361LastName361,Quimica
362,Person362LastName362,Mecanica
363,Person363LastName363,Fisica
364,Person364LastName364,Quimica
365,Person365LastName365,Fisica
366,Person366LastName366,Biotecnologia
367,Person367LastName367,Quimica
368,Person368LastName368,Electromecanica
369,Person369LastName369,Computacion
370,Person370LastName370,Mecanica
371,Person371LastName371,Computacion
372,Person372LastName372,Electromecanica
373,Person373LastName373,Biotecnologia
374,Person374LastName374,Quimica
375,Person375LastName375,Electrica
376,Person376LastName376,Computacion
377,Person377LastName377,Biotecnologia
378,Person378LastName378,Quimica
379,Person379LastName379,Fisica
380,Person380LastName380,Electromecanica
381,Person381LastName381,Electrica
382,Person382LastName382,Electromecanica
383,Person383LastName383,Biotecnologia
384,Person384LastName384,Computacion
385,Person385LastName385,Electrica
386,Person386LastName386,Electrica
387,Person387LastName387,Electronica
388,Person388LastName388,Electromecanica
389,Person389LastName389,Electrica
390,Person390LastName390,Computacion
391,Person391LastName391,Electrica
392,Person392LastName392,Electronica
393,Person393LastName393,Electromecanica
394,Person394LastName394,Electronica
395,Person395LastName395,Quimica
396,Person396LastName396,Electronica
397,Person397LastName397,Quimica
398,Person398LastName398,Biotecnologia
399,Person399LastName399,Electronica
400,Person400LastName400,Electrica
401,Person401LastName401,Biotecnologia
402,Person402LastName402,Electromecanica
403,Person403LastName403,Mecanica
404,Person404LastName404,Computacion
405,Person405LastName405,Computacion
406,Person406LastName406,Biotecnologia
407,Person407LastName407,Electronica
408,Person408LastName408,Biotecnologia
409,Person409LastName409,Mecanica
410,Person410LastName410,Electronica
411,Person411LastName411,Mecanica
412,Person412LastName412,Biotecnologia
413,Person413LastName413,Electrica
414,Person414LastName414,Fisica
415,Person415LastName415,Quimica
416,Person416LastName416,Computacion
417,Person417LastName417,Electrica
418,Person418LastName418,Mecanica
419,Person419LastName419,Electromecanica
420,Person420LastName420,Electromecanica
421,Person421LastName421,Electrica
422,Person422LastName422,Electrica
423,Person423LastName423,Biotecnologia
424,Person424LastName424,Electrica
425,Person425LastName425,Biotecnologia
426,Person426LastName426,Computacion
427,Person427LastName427,Fisica
428,Person428LastName428,Mecanica
429,Person429LastName429,Electrica
430,Person430LastName430,Fisica
431,Person431LastName431,Fisica
432,Person432LastName432,Fisica
433,Person433LastName433,Electrica
434,Person434LastName434,Electromecanica
435,Person435LastName435,Fisica
436,Person436LastName436,Fisica
437,Person437LastName437,Fisica
438,Person438LastName438,Quimica
439,Person439LastName439,Mecanica
440,Person440LastName440,Biotecnologia
441,Person441LastName441,Electromecanica
442,Person442LastName442,Biotecnologia
443,Person443LastName443,Quimica
444,Person444LastName444,Computacion
445,Person445LastName445,Quimica
446,Person446LastName446,Biotecnologia
447,Person447LastName447,Computacion
448,Person448LastName448,Computacion
449,Person449LastName449,Electronica
450,Person450LastName450,Electromecanica
451,Person451LastName451,Biotecnologia
452,Person452LastName452,Electronica
453,Person453LastName453,Fisica
454,Person454LastName454,Fisica
455,Person455LastName455,Mecanica
456,Person456LastName456,Mecanica
457,Person457LastName457,Electronica
458,Person458LastName458,Computacion
459,Person459LastName459,Computacion
460,Person460LastName460,Electrica
461,Person461LastName461,Electronica
462,Person462LastName462,Quimica
463,Person463LastName463,Computacion
464,Person464LastName464,Quimica
465,Person465LastName465,Biotecnologia
466,Person466LastName466,Fisica
467,Person467LastName467,Biotecnologia
468,Person468LastName468,Electrica
469,Person469LastName469,Electromecanica
470,Person470LastName470,Mecanica
471,Person471LastName471,Electronica
472,Person472LastName472,Electrica
473,Person473LastName473,Computacion
474,Person474LastName474,Electrica
475,Person475LastName475,Fisica
476,Person476LastName476,Computacion
477,Person477LastName477,Electronica
478,Person478LastName478,Fisica
479,Person479LastName479,Computacion
480,Person480LastName480,Electronica
481,Person481LastName481,Fisica
482,Person482LastName482,Electromecanica
483,Person483LastName483,Fisica
484,Person484LastName484,Computacion
485,Person485LastName485,Quimica
486,Person486LastName486,Electrica
487,Person487LastName487,Biotecnologia
488,Person488LastName488,Fisica
489,Person489LastName489,Electrica
490,Person490LastName490,Fisica
491,Person491LastName491,Fisica
492,Person492LastName492,Electronica
493,Person493LastName493,Computacion
494,Person494LastName494,Biotecnologia
495,Person495LastName495,Quimica
496,Person496LastName496,Electrica
497,Person497LastName497,Biotecnologia
498,Person498LastName498,Biotecnologia
499,Person499LastName499,Electrica
500,Person500LastName500,Electrica
501,Person501LastName501,Mecanica
502,Person502LastName502,Computacion
503,Person503LastName503,Electromecanica
504,Person504LastName504,Fisica
505,Person505LastName505,Quimica
506,Person506LastName506,Quimica
507,Person507LastName507,Electromecanica
508,Person508LastName508,Computacion
509,Person509LastName509,Computacion
510,Person510LastName510,Quimica
511,Person511LastName511,Electronica
512,Person512LastName512,Computacion
513,Person513LastName513,Biotecnologia
514,Person514LastName514,Electronica
515,Person515LastName515,Fisica
516,Person516LastName516,Computacion
517,Person517LastName517,Fisica
518,Person518LastName518,Electromecanica
519,Person519LastName519,Quimica
520,Person520LastName520,Quimica
521,Person521LastName521,Electrica
522,Person522LastName522,Electromecanica
523,Person523LastName523,Biotecnologia
524,Person524LastName524,Biotecnologia
525,Person525LastName525,Electronica
526,Person526LastName526,Quimica
527,Person527LastName527,Quimica
528,Person528LastName528,Electronica
529,Person529LastName529,Electromecanica
530,Person530LastName530,Mecanica
531,Person531LastName531,Electronica
532,Person532LastName532,Mecanica
533,Person533LastName533,Computacion
534,Person534LastName534,Biotecnologia
535,Person535LastName535,Computacion
536,Person536LastName536,Biotecnologia
537,Person537LastName537,Mecanica
538,Person538LastName538,Electromecanica
539,Person539LastName539,Mecanica
540,Person540LastName540,Fisica
541,Person541LastName541,Electrica
542,Person542LastName542,Fisica
543,Person543LastName543,Mecanica
544,Person544LastName544,Mecanica
545,Person545LastName545,Quimica
546,Person546LastName546,Electromecanica
547,Person547LastName547,Biotecnologia
548,Person548LastName548,Quimica
549,Person549LastName549,Quimica
550,Person550LastName550,Biotecnologia
551,Person551LastName551,Quimica
552,Person552LastName552,Fisica
553,Person553LastName553,Mecanica
554,Person554LastName554,Quimica
555,Person555LastName555,Electromecanica
556,Person556LastName556,Mecanica
557,Person557LastName557,Electrica
558,Person558LastName558,Fisica
559,Person559LastName559,Mecanica
560,Person560LastName560,Electronica
561,Person561LastName561,Electromecanica
562,Person562LastName562,Quimica
563,Person563LastName563,Quimica
564,Person564LastName564,Electronica
565,Person565LastName565,Electronica
566,Person566LastName566,Fisica
567,Person567LastName567,Fisica
568,Person568LastName568,Electronica
569,Person569LastName569,Biotecnologia
570,Person570LastName570,Fisica
571,Person571LastName571,Electromecanica
572,Person572LastName572,Electromecanica
573,Person573LastName573,Electrica
574,Person574LastName574,Quimica
575,Person575LastName575,Quimica
576,Person576LastName576,Biotecnologia
577,Person577LastName577,Electrica
578,Person578LastName578,Mecanica
579,Person579LastName579,Electronica
580,Person580LastName580,Fisica
581,Person581LastName581,Electromecanica
582,Person582LastName582,Electronica
583,Person583LastName583,Electrica
584,Person584LastName584,Biotecnologia
585,Person585LastName585,Computacion
586,Person586LastName586,Biotecnologia
587,Person587LastName587,Computacion
588,Person588LastName588,Mecanica
589,Person589LastName589,Quimica
590,Person590LastName590,Biotecnologia
591,Person591LastName591,Fisica
592,Person592LastName592,Computacion
593,Person593LastName593,Electromecanica
594,Person594LastName594,Electronica
595,Person595LastName595,Biotecnologia
596,Person596LastName596,Mecanica
597,Person597LastName597,Quimica
598,Person598LastName598,Mecanica
599,Person599LastName599,Electrica
600,Person600LastName600,Mecanica
601,Person601LastName601,Electrica
602,Person602LastName602,Computacion
603,Person603LastName603,Electronica
604,Person604LastName604,Electronica
605,Person605LastName605,Computacion
606,Person606LastName606,Electrica
607,Person607LastName607,Electromecanica
608,Person608LastName608,Electronica
609,Person609LastName609,Biotecnologia
610,Person610LastName610,Quimica
611,Person611LastName611,Computacion
612,Person612LastName612,Electrica
613,Person613LastName613,Computacion
614,Person614LastName614,Quimica
615,Person615LastName615,Electronica
616,Person616LastName616,Electrica
617,Person617LastName617,Computacion
618,Person618LastName618,Quimica
619,Person619LastName619,Electronica
620,Person620LastName620,Computacion
621,Person621LastName621,Computacion
622,Person622LastName622,Biotecnologia
623,Person623LastName623,Biotecnologia
624,Person624LastName624,Computacion
625,Person625LastName625,Mecanica
626,Person626LastName626,Electromecanica
627,Person627LastName627,Electromecanica
628,Person628LastName628,Biotecnologia
629,Person629LastName629,Computacion
630,Person630LastName630,Computacion
631,Person631LastName631,Computacion
632,Person632LastName632,Electronica
633,Person633LastName633,Electrica
634,Person634LastName634,Biotecnologia
635,Person635LastName635,Fisica
636,Person636LastName636,Electronica
637,Person637LastName637,Fisica
638,Person638LastName638,Fisica
639,Person639LastName639,Mecanica
640,Person640LastName640,Quimica
641,Person641LastName641,Electronica
642,Person642LastName642,Mecanica
643,Person643LastName643,Electrica
644,Person644LastName644,Biotecnologia
645,Person645LastName645,Biotecnologia
646,Person646LastName646,Biotecnologia
647,Person647LastName647,Electronica
648,Person648LastName648,Electromecanica
649,Person649LastName649,Fisica
650,Person650LastName650,Mecanica
651,Person651LastName651,Fisica
652,Person652LastName652,Mecanica
653,Person653LastName653,Biotecnologia
654,Person654LastName654,Electromecanica
655,Person655LastName655,Electronica
656,Person656LastName656,Electrica
657,Person657LastName657,Quimica
658,Person658LastName658,Electronica
659,Person659LastName659,Electrica
660,Person660LastName660,Mecanica
661,Person661LastName661,Electrica
662,Person662LastName662,Quimica
663,Person663LastName663,Quimica
664,Person664LastName664,Electromecanica
665,Person665LastName665,Electronica
666,Person666LastName666,Electronica
667,Person667LastName667,Electromecanica
668,Person668LastName668,Biotecnologia
669,Person669LastName669,Electrica
670,Person670LastName670,Electrica
671,Person671LastName671,Biotecnologia
672,Person672LastName672,Computacion
673,Person673LastName673,Electromecanica
674,Person674LastName674,Electronica
675,Person675LastName675,Fisica
676,Person676LastName676,Electromecanica
677,Person677LastName677,Fisica
678,Person678LastName678,Computacion
679,Person679LastName679,Biotecnologia
680,Person680LastName680,Computacion
681,Person681LastName681,Biotecnologia
682,Person682LastName682,Electronica
683,Person683LastName683,Biotecnologia
684,Person684LastName684,Computacion
685,Person685LastName685,Electromecanica
686,Person686LastName686,Electromecanica
687,Person687LastName687,Computacion
688,Person688LastName688,Fisica
689,Person689LastName689,Computacion
690,Person690LastName690,Mecanica
691,Person691LastName691,Biotecnologia
692,Person692LastName692,Fisica
693,Person693LastName693,Mecanica
694,Person694LastName694,Computacion
695,Person695LastName695,Electromecanica
696,Person696LastName696,Biotecnologia
697,Person697LastName697,Computacion
698,Person698LastName698,Biotecnologia
699,Person699LastName699,Electromecanica
700,Person700LastName700,Quimica
701,Person701LastName701,Electrica
702,Person702LastName702,Electrica
703,Person703LastName703,Electronica
704,Person704LastName704,Electrica
705,Person705LastName705,Electronica
706,Person706LastName706,Biotecnologia
707,Person707LastName707,Electrica
708,Person708LastName708,Quimica
709,Person709LastName709,Electrica
710,Person710LastName710,Electromecanica
711,Person711LastName711,Electromecanica
712,Person712LastName712,Electromecanica
713,Person713LastName713,Fisica
714,Person714LastName714,Electrica
715,Person715LastName715,Electromecanica
716,Person716LastName716,Fisica
717,Person717LastName717,Mecanica
718,Person718LastName718,Electromecanica
719,Person719LastName719,Electromecanica
720,Person720LastName720,Fisica
721,Person721LastName721,Biotecnologia
722,Person722LastName722,Mecanica
723,Person723LastName723,Computacion
724,Person724LastName724,Electrica
725,Person725LastName725,Electrica
726,Person726LastName726,Quimica
727,Person727LastName727,Mecanica
728,Person728LastName728,Biotecnologia
729,Person729LastName729,Quimica
730,Person730LastName730,Biotecnologia
731,Person731LastName731,Quimica
732,Person732LastName732,Computacion
733,Person733LastName733,Quimica
734,Person734LastName734,Biotecnologia
735,Person735LastName735,Biotecnologia
736,Person736LastName736,Mecanica
737,Person737LastName737,Fisica
738,Person738LastName738,Electromecanica
739,Person739LastName739,Electronica
740,Person740LastName740,Fisica
741,Person741LastName741,Electrica
742,Person742LastName742,Electronica
743,Person743LastName743,Electronica
744,Person744LastName744,Computacion
745,Person745LastName745,Electrica
746,Person746LastName746,Fisica
747,Person747LastName747,Biotecnologia
748,Person748LastName748,Mecanica
749,Person749LastName749,Electrica
750,Person750LastName750,Fisica
751,Person751LastName751,Biotecnologia
752,Person752LastName752,Electromecanica
753,Person753LastName753,Computacion
754,Person754LastName754,Computacion
755,Person755LastName755,Electromecanica
756,Person756LastName756,Electromecanica
757,Person757LastName757,Biotecnologia
758,Person758LastName758,Biotecnologia
759,Person759LastName759,Biotecnologia
760,Person760LastName760,Computacion
761,Person761LastName761,Biotecnologia
762,Person762LastName762,Mecanica
763,Person763LastName763,Quimica
764,Person764LastName764,Biotecnologia
765,Person765LastName765,Electrica
766,Person766LastName766,Electromecanica
767,Person767LastName767,Electromecanica
768,Person768LastName768,Mecanica
769,Person769LastName769,Mecanica
770,Person770LastName770,Quimica
771,Person771LastName771,Fisica
772,Person772LastName772,Electromecanica
773,Person773LastName773,Electrica
774,Person774LastName774,Computacion
775,Person775LastName775,Biotecnologia
776,Person776LastName776,Quimica
777,Person777LastName777,Electronica
778,Person778LastName778,Electromecanica
779,Person779LastName779,Biotecnologia
780,Person780LastName780,Electromecanica
781,Person781LastName781,Computacion
782,Person782LastName782,Electromecanica
783,Person783LastName783,Mecanica
784,Person784LastName784,Electronica
785,Person785LastName785,Electronica
786,Person786LastName786,Fisica
787,Person787LastName787,Electrica
788,Person788LastName788,Mecanica
789,Person789LastName789,Electromecanica
790,Person790LastName790,Fisica
791,Person791LastName791,Biotecnologia
792,Person792LastName792,Quimica
793,Person793LastName793,Fisica
794,Person794LastName794,Electronica
795,Person795LastName795,Electrica
796,Person796LastName796,Electromecanica
797,Person797LastName797,Electromecanica
798,Person798LastName798,Biotecnologia
799,Person799LastName799,Biotecnologia
800,Person800LastName800,Mecanica
801,Person801LastName801,Computacion
802,Person802LastName802,Electrica
803,Person803LastName803,Mecanica
804,Person804LastName804,Electronica
805,Person805LastName805,Biotecnologia
806,Person806LastName806,Electrica
807,Person807LastName807,Electronica
808,Person808LastName808,Electromecanica
809,Person809LastName809,Quimica
810,Person810LastName810,Electronica
811,Person811LastName811,Fisica
812,Person812LastName812,Electromecanica
813,Person813LastName813,Computacion
814,Person814LastName814,Computacion
815,Person815LastName815,Electronica
816,Person816LastName816,Computacion
817,Person817LastName817,Fisica
818,Person818LastName818,Fisica
819,Person819LastName819,Quimica
820,Person820LastName820,Mecanica
821,Person821LastName821,Computacion
822,Person822LastName822,Computacion
823,Person823LastName823,Mecanica
824,Person824LastName824,Electrica
825,Person825LastName825,Electronica
826,Person826LastName826,Biotecnologia
827,Person827LastName827,Fisica
828,Person828LastName828,Fisica
829,Person829LastName829,Computacion
830,Person830LastName830,Electrica
831,Person831LastName831,Mecanica
832,Person832LastName832,Quimica
833,Person833LastName833,Electronica
834,Person834LastName834,Electrica
835,Person835LastName835,Computacion
836,Person836LastName836,Electrica
837,Person837LastName837,Biotecnologia
838,Person838LastName838,Biotecnologia
839,Person839LastName839,Electronica
840,Person840LastName840,Fisica
841,Person841LastName841,Quimica
842,Person842LastName842,Fisica
843,Person843LastName843,Computacion
844,Person844LastName844,Electromecanica
845,Person845LastName845,Electrica
846,Person846LastName846,Electrica
847,Person847LastName847,Biotecnologia
848,Person848LastName848,Electronica
849,Person849LastName849,Electromecanica
850,Person850LastName850,Electronica
851,Person851LastName851,Mecanica
852,Person852LastName852,Electromecanica
853,Person853LastName853,Electronica
854,Person854LastName854,Electronica
855,Person855LastName855,Quimica
856,Person856LastName856,Fisica
857,Person857LastName857,Fisica
858,Person858LastName858,Fisica
859,Person859LastName859,Mecanica
860,Person860LastName860,Computacion
861,Person861LastName861,Electronica
862,Person862LastName862,Mecanica
863,Person863LastName863,Electronica
864,Person864LastName864,Quimica
865,Person865LastName865,Fisica
866,Person866LastName866,Electrica
867,Person867LastName867,Electromecanica
868,Person868LastName868,Electrica
869,Person869LastName869,Electronica
870,Person870LastName870,Electromecanica
871,Person871LastName871,Electrica
872,Person872LastName872,Electronica
873,Person873LastName873,Computacion
874,Person874LastName874,Fisica
875,Person875LastName875,Biotecnologia
876,Person876LastName876,Fisica
877,Person877LastName877,Electrica
878,Person878LastName878,Electrica
879,Person879LastName879,Electronica
880,Person880LastName880,Electronica
881,Person881LastName881,Computacion
882,Person882LastName882,Fisica
883,Person883LastName883,Quimica
884,Person884LastName884,Mecanica
885,Person885LastName885,Computacion
886,Person886LastName886,Electromecanica
887,Person887LastName887,Electrica
888,Person888LastName888,Electronica
889,Person889LastName889,Computacion
890,Person890LastName890,Biotecnologia
891,Person891LastName891,Fisica
892,Person892LastName892,Mecanica
893,Person893LastName893,Mecanica
894,Person894LastName894,Electromecanica
895,Person895LastName895,Electrica
896,Person896LastName896,Electronica
897,Person897LastName897,Biotecnologia
898,Person898LastName898,Electromecanica
899,Person899LastName899,Mecanica
900,Person900LastName900,Fisica
901,Person901LastName901,Electronica
902,Person902LastName902,Computacion
903,Person903LastName903,Fisica
904,Person904LastName904,Electromecanica
905,Person905LastName905,Electronica
906,Person906LastName906,Electronica
907,Person907LastName907,Biotecnologia
908,Person908LastName908,Fisica
909,Person909LastName909,Mecanica
910,Person910LastName910,Quimica
911,Person911LastName911,Mecanica
912,Person912LastName912,Quimica
913,Person913LastName913,Electronica
914,Person914LastName914,Computacion
915,Person915LastName915,Biotecnologia
916,Person916LastName916,Fisica
917,Person917LastName917,Computacion
918,Person918LastName918,Fisica
919,Person919LastName919,Mecanica
920,Person920LastName920,Fisica
921,Person921LastName921,Mecanica
922,Person922LastName922,Computacion
923,Person923LastName923,Electrica
924,Person924LastName924,Electromecanica
925,Person925LastName925,Biotecnologia
926,Person926LastName926,Electrica
927,Person927LastName927,Computacion
928,Person928LastName928,Electronica
929,Person929LastName929,Electronica
930,Person930LastName930,Biotecnologia
931,Person931LastName931,Computacion
932,Person932LastName932,Electrica
933,Person933LastName933,Electromecanica
934,Person934LastName934,Biotecnologia
935,Person935LastName935,Biotecnologia
936,Person936LastName936,Electromecanica
937,Person937LastName937,Biotecnologia
938,Person938LastName938,Quimica
939,Person939LastName939,Fisica
940,Person940LastName940,Biotecnologia
941,Person941LastName941,Electrica
942,Person942LastName942,Electronica
943,Person943LastName943,Fisica
944,Person944LastName944,Electromecanica
945,Person945LastName945,Computacion
946,Person946LastName946,Mecanica
947,Person947LastName947,Electrica
948,Person948LastName948,Computacion
949,Person949LastName949,Electromecanica
950,Person950LastName950,Electronica
951,Person951LastName951,Electronica
952,Person952LastName952,Electronica
953,Person953LastName953,Quimica
954,Person954LastName954,Electromecanica
955,Person955LastName955,Computacion
956,Person956LastName956,Electrica
957,Person957LastName957,Mecanica
958,Person958LastName958,Electromecanica
959,Person959LastName959,Electronica
960,Person960LastName960,Fisica
961,Person961LastName961,Mecanica
962,Person962LastName962,Biotecnologia
963,Person963LastName963,Electrica
964,Person964LastName964,Biotecnologia
965,Person965LastName965,Mecanica
966,Person966LastName966,Electrica
967,Person967LastName967,Electrica
968,Person968LastName968,Electromecanica
969,Person969LastName969,Biotecnologia
970,Person970LastName970,Electrica
971,Person971LastName971,Electromecanica
972,Person972LastName972,Quimica
973,Person973LastName973,Mecanica
974,Person974LastName974,Biotecnologia
975,Person975LastName975,Quimica
976,Person976LastName976,Computacion
977,Person977LastName977,Mecanica
978,Person978LastName978,Fisica
979,Person979LastName979,Electrica
980,Person980LastName980,Computacion
981,Person981LastName981,Electromecanica
982,Person982LastName982,Electrica
983,Person983LastName983,Fisica
984,Person984LastName984,Quimica
985,Person985LastName985,Electronica
986,Person986LastName986,Electrica
987,Person987LastName987,Electromecanica
988,Person988LastName988,Biotecnologia
989,Person989LastName989,Fisica
990,Person990LastName990,Electronica
991,Person991LastName991,Mecanica
992,Person992LastName992,Biotecnologia
993,Person993LastName993,Electrica
994,Person994LastName994,Electronica
995,Person995LastName995,Electromecanica
996,Person996LastName996,Computacion
997,Person997LastName997,Electromecanica
998,Person998LastName998,Electrica
999,Person999LastName999,Biotecnologia
1000,Person1000LastName1000,Electronica
